{"cameraMode":{"drawMode":0,"name":"Shaded","section":"Shading Mode"},"sceneLighting":true,"audioPlay":false,"sceneViewState":{"showFog":true,"showMaterialUpdate":false,"showSkybox":false,"showFlares":true,"showImageEffects":true,"showParticleSystems":true},"in2DMode":false,"pivot":{"x":33.0607795715332,"y":5.824949741363525,"z":-63.05766296386719},"rotation":{"x":-0.12412320077419281,"y":0.8400806188583374,"z":-0.21662215888500215,"w":-0.48178476095199587},"size":3.5821690559387209,"orthographic":false}