{"cameraMode":{"drawMode":0,"name":"Shaded","section":"Shading Mode"},"sceneLighting":false,"audioPlay":false,"sceneViewState":{"showFog":true,"showMaterialUpdate":false,"showSkybox":false,"showFlares":true,"showImageEffects":true,"showParticleSystems":true},"in2DMode":false,"pivot":{"x":13.342037200927735,"y":6.863249778747559,"z":-56.601287841796878},"rotation":{"x":0.029679851606488229,"y":0.02103075385093689,"z":0.0006611411808989942,"w":-0.9993915557861328},"size":44.76357650756836,"orthographic":false}